"","UID","Latitude","Longitude","Industry_subparts","Industry_sector","CH4_em_molh","car_1_clsd","car_1_clsa","car_2_clsd","car_2_clsa","car_3_clsd","car_3_clsa","car_4_clsd","car_4_clsa","car_5_clsd","car_5_clsa","car_6_clsd","car_6_clsa","car_7_clsd","car_7_clsa","car_8_clsd","car_8_clsa","car_9_clsd","car_9_clsa","car_10_clsd","car_10_clsa","car_11_clsd","car_11_clsa","car_12_clsd","car_12_clsa","car_13_clsd","car_13_clsa","car_14_clsd","car_14_clsa","car_15_clsd","car_15_clsa"
"1",2,40.66,-80.36,"D","Power Plants",97.60273973,0,"w",0,"w",0,"w",0,"w",0,"w",0,"w",0,"w",0,"w",0,"w",0,"w",0,"w",0,"w",0,"w",0,"w",0,"w"
"2",3,40.83,-79.94,"C,Q","Metals",26.75513699,0,"w",0,"w",0,"w",0,"w",0,"w",0,"w",0,"w",0,"w",0,"w",0,"w",0,"w",0,"w",0,"w",0,"w",0,"w"
"3",4,40.61,-79.73,"C,Q","Metals",25.54223744,0,"w",0,"w",0,"w",0,"w",0,"w",0,"w",0,"w",0,"w",0,"w",0,"w",0,"w",0,"w",0,"w",0,"w",0,"w"
"4",5,40.64,-79.6,"C","Metals",6.421232877,0,"w",0,"w",0,"w",0,"w",0,"w",0,"w",0,"w",0,"w",0,"w",0,"w",0,"w",0,"w",0,"w",0,"w",0,"w"
"5",6,40.6,-79.57,"C","Metals",6.064497717,0,"w",0,"w",0,"w",0,"w",0,"w",0,"w",0,"w",0,"w",0,"w",0,"w",0,"w",0,"w",0,"w",0,"w",0,"w"
"6",8,41.97,-78.63,"C,MM-REF,Y","Petroleum Product Suppliers,Refineries",338.2562785,0,"w",0,"w",0,"w",3,"w",3,"w",3,"w",0,"w",0,"w",0,"w",0,"w",0,"w",0,"w",0,"w",3,"w",0,"w"
"7",9,40.69,-80.28,"C,N","Minerals",4.138127854,0,"w",0,"w",0,"w",0,"w",0,"w",0,"w",0,"w",0,"w",0,"w",0,"w",0,"w",0,"w",0,"w",0,"w",0,"w"
"8",10,40.35,-78.4,"AA,C","Pulp and Paper",177.6541096,0,"w",0,"w",0,"w",3,"w",0,"w",0,"w",0,"w",0,"w",0,"w",0,"w",0,"w",0,"w",0,"w",0,"w",0,"w"
"9",11,40.16,-79.88,"C,Q","Metals",11.55821918,0,"w",0,"w",0,"w",0,"w",0,"w",0,"w",0,"w",0,"w",0,"w",0,"w",0,"w",0,"w",0,"w",0,"w",0,"w"
"10",12,39.98,-75.83,"C,Q","Metals",19.40639269,0,"s",3,"s",0,"s",3,"s",0,"s",0,"s",3,"s",0,"s",0,"s",0,"s",3,"s",3,"s",0,"s",3,"s",3,"s"
"11",13,40.09,-75.32,"C","Metals",9.346461187,3,"s",3,"s",0,"s",3,"s",0,"s",0,"s",3,"s",3,"s",0,"s",0,"s",3,"s",3,"s",0,"s",3,"s",3,"s"
"12",14,40.23,-76.84,"C,Q","Metals",14.84018265,0,"s",3,"s",3,"s",3,"s",3,"s",3,"s",3,"s",0,"s",0,"s",0,"s",3,"s",3,"s",3,"s",3,"s",3,"s"
"13",16,40.79,-79.7,"C,H","Minerals",85.33105023,0,"w",0,"w",0,"w",0,"w",0,"w",0,"w",0,"w",0,"w",0,"w",0,"w",0,"w",0,"w",0,"w",0,"w",0,"w"
"14",17,40.06,-76.59,"C","Other",9.489155251,0,"s",3,"s",3,"s",3,"s",3,"s",3,"s",3,"s",0,"s",0,"s",0,"s",3,"s",3,"s",0,"s",3,"s",3,"s"
"15",18,40.54,-79.77,"D","Power Plants",4.423515982,0,"w",0,"w",0,"w",0,"w",0,"w",0,"w",0,"w",0,"w",0,"w",0,"w",0,"w",0,"w",0,"w",0,"w",0,"w"
"16",19,40.55,-79.77,"D","Power Plants",189.711758,0,"w",0,"w",0,"w",0,"w",0,"w",0,"w",0,"w",0,"w",0,"w",0,"w",0,"w",0,"w",0,"w",0,"w",0,"w"
"17",20,39.75,-79.84,"D","Power Plants",3.63869863,0,"w",0,"w",0,"w",0,"w",0,"w",0,"w",0,"w",0,"w",0,"w",0,"w",0,"w",0,"w",0,"w",0,"w",0,"w"
"18",21,40.12,-79.93,"C,QQ,SS","Import and Export of Equipment Containing Fluorintaed GHGs,Other",0.071347032,0,"w",0,"w",0,"w",0,"w",0,"w",0,"w",0,"w",0,"w",0,"w",0,"w",0,"w",0,"w",0,"w",0,"w",0,"w"
"19",22,40.08,-76.34,"C","Metals",15.05422374,0,"s",3,"s",3,"s",3,"s",3,"s",3,"s",3,"s",0,"s",0,"s",0,"s",3,"s",3,"s",3,"s",3,"s",3,"s"
"20",23,41.81,-78.29,"C,N","Minerals",6.207191781,0,"w",0,"w",3,"w",3,"w",3,"w",3,"w",3,"w",0,"w",0,"w",0,"w",3,"w",0,"w",3,"w",3,"w",3,"w"
"21",24,40.43,-79.09,"C,W-NGTC","Petroleum and Natural Gas Systems",181.2214612,0,"w",0,"w",0,"w",0,"w",0,"w",0,"w",0,"w",0,"w",0,"w",0,"w",0,"w",0,"w",0,"w",0,"w",0,"w"
"22",25,40.64,-79.35,"D","Power Plants",55.793379,0,"w",0,"w",0,"w",0,"w",0,"w",0,"w",0,"w",0,"w",0,"w",0,"w",0,"w",0,"w",0,"w",0,"w",0,"w"
"23",26,40.46,-79.99,"C","Other",10.2739726,0,"w",0,"w",0,"w",0,"w",0,"w",0,"w",0,"w",0,"w",0,"w",0,"w",0,"w",0,"w",0,"w",0,"w",0,"w"
"24",27,40.44,-79.95,"C","Power Plants",8.918378995,0,"w",0,"w",0,"w",0,"w",0,"w",0,"w",0,"w",0,"w",0,"w",0,"w",0,"w",0,"w",0,"w",0,"w",0,"w"
"25",28,39.86,-75.32,"C","Other",3.781392694,0,"s",0,"s",0,"s",3,"s",0,"s",0,"s",3,"s",0,"s",0,"s",0,"s",0,"s",3,"s",0,"s",0,"s",3,"s"
"26",30,41.27,-76.66,"C","Petroleum and Natural Gas Systems",7.206050228,3,"w",2,"w",2,"s",1,"w",2,"s",2,"s",1,"w",3,"w",2,"w",2,"w",2,"s",2,"w",2,"s",2,"s",2,"w"
"27",31,40.82,-80.3,"C,W-NGTC","Petroleum and Natural Gas Systems",572.3458904,0,"w",0,"w",0,"w",0,"w",0,"w",0,"w",0,"w",0,"w",0,"w",0,"w",0,"w",0,"w",0,"w",0,"w",0,"w"
"28",32,40.42,-75.62,"C,W-NGTC","Petroleum and Natural Gas Systems",1200.556507,3,"s",3,"s",3,"s",3,"s",3,"s",3,"s",3,"s",3,"s",3,"s",3,"s",3,"s",3,"s",3,"s",3,"s",3,"s"
"29",33,40.41,-76.15,"C,W-NGTC","Petroleum and Natural Gas Systems",1132.491438,3,"s",3,"s",3,"s",2,"s",3,"s",3,"s",3,"s",3,"s",3,"s",3,"s",3,"s",3,"s",3,"s",3,"s",3,"s"
"30",34,40.62,-75.31,"D","Power Plants",289.5262557,3,"s",3,"s",3,"s",3,"e",3,"s",3,"s",3,"s",3,"s",3,"s",3,"s",3,"s",3,"s",3,"s",3,"s",3,"s"
"31",35,39.97,-77.56,"C","Power Plants",12.84246575,0,"s",0,"s",0,"s",3,"s",0,"s",0,"s",3,"s",0,"s",0,"s",0,"s",0,"s",0,"s",0,"s",0,"s",0,"s"
"32",36,40.81,-80.08,"C,NN-FRAC,W-PROC","Natural Gas and Natural Gas Liquids Suppliers,Petroleum and Natural Gas Systems",1155.53653,0,"w",0,"w",0,"w",0,"w",0,"w",0,"w",0,"w",0,"w",0,"w",0,"w",0,"w",0,"w",0,"w",0,"w",0,"w"
"33",38,40.67,-76.38,"C","Power Plants",21.61815068,3,"s",3,"s",3,"s",2,"s",3,"s",3,"s",2,"s",3,"s",3,"s",3,"s",3,"s",3,"s",3,"s",3,"s",3,"s"
"34",39,40.63,-80.42,"C,D","Power Plants",1160.887557,0,"w",0,"w",0,"w",0,"w",0,"w",0,"w",0,"w",0,"w",0,"w",0,"w",0,"w",0,"w",0,"w",0,"w",0,"w"
"35",40,40.46,-80.04,"C,D","Power Plants",3.567351598,0,"w",0,"w",0,"w",0,"w",0,"w",0,"w",0,"w",0,"w",0,"w",0,"w",0,"w",0,"w",0,"w",0,"w",0,"w"
"36",41,40.97,-76.95,"C","Other",3.924086758,3,"w",3,"w",3,"s",2,"w",3,"s",3,"s",2,"w",3,"w",3,"s",3,"s",2,"s",3,"w",3,"s",3,"s",3,"w"
"37",42,41,-79.72,"C","Petroleum and Natural Gas Systems",5.565068493,0,"w",0,"w",0,"w",0,"w",0,"w",0,"w",0,"w",0,"w",0,"w",0,"w",0,"w",0,"w",0,"w",0,"w",0,"w"
"38",43,40.33,-76.56,"C,S","Minerals",135.2739726,3,"s",3,"s",3,"s",3,"s",3,"s",3,"s",3,"s",3,"s",3,"s",3,"s",3,"s",3,"s",3,"s",3,"s",3,"s"
"39",44,40.36,-75.94,"C,Q","Metals",20.9760274,3,"s",3,"s",3,"s",3,"s",3,"s",3,"s",3,"s",3,"s",3,"s",3,"s",3,"s",3,"s",3,"s",3,"s",3,"s"
"40",45,41.4,-75.78,"C","Pulp and Paper",3.63869863,2,"s",1,"s",2,"s",2,"e",2,"s",2,"s",1,"e",1,"s",2,"s",2,"s",1,"e",1,"s",2,"s",2,"e",1,"s"
"41",46,41.8,-75.83,"C","Petroleum and Natural Gas Systems",9.061073059,1,"w",1,"w",1,"e",2,"n",1,"e",1,"e",2,"n",1,"w",1,"s",1,"s",1,"e",1,"n",1,"e",1,"e",1,"n"
"42",47,40.96,-76.64,"C","Chemicals",3.353310502,3,"s",3,"s",3,"s",1,"s",3,"s",2,"s",2,"w",3,"s",3,"s",3,"s",2,"s",3,"s",3,"s",2,"s",2,"s"
"43",49,41.74,-75.93,"C","Petroleum and Natural Gas Systems",5.993150685,1,"w",1,"w",1,"e",2,"n",1,"e",1,"e",1,"n",1,"w",1,"s",1,"s",1,"e",1,"n",1,"e",1,"e",1,"n"
"44",50,41.23,-79.42,"C","Other",55.50799087,0,"w",0,"w",0,"w",0,"w",0,"w",0,"w",0,"w",0,"w",0,"w",0,"w",0,"w",0,"w",0,"w",0,"w",0,"w"
"45",52,39.86,-80.17,"C,W-NGTC","Petroleum and Natural Gas Systems",1338.684361,0,"w",0,"w",0,"w",0,"w",0,"w",0,"w",0,"w",0,"w",0,"w",0,"w",0,"w",0,"w",0,"w",0,"w",0,"w"
"46",56,40.1,-75.31,"C","Waste",879.9229452,3,"s",3,"s",0,"s",3,"s",0,"s",0,"s",3,"s",3,"s",3,"s",3,"s",3,"s",3,"s",0,"s",3,"s",3,"s"
"47",57,39.94,-80.26,"C","Petroleum and Natural Gas Systems",5.850456621,0,"w",0,"w",0,"w",0,"w",0,"w",0,"w",0,"w",0,"w",0,"w",0,"w",0,"w",0,"w",0,"w",0,"w",0,"w"
"48",58,40.47,-78.7,"D","Power Plants",761.3441781,0,"w",0,"w",0,"w",0,"w",0,"w",0,"w",0,"w",0,"w",0,"w",0,"w",0,"w",0,"w",0,"w",0,"w",0,"w"
"49",59,41.26,-77.26,"C","Petroleum and Natural Gas Systems",3.710045662,3,"w",3,"w",3,"w",2,"w",3,"w",3,"w",2,"w",3,"w",3,"w",3,"w",2,"w",3,"w",3,"w",2,"w",3,"w"
"50",60,39.92,-80.22,"C","Petroleum and Natural Gas Systems",4.209474886,0,"w",0,"w",0,"w",0,"w",0,"w",0,"w",0,"w",0,"w",0,"w",0,"w",0,"w",0,"w",0,"w",0,"w",0,"w"
"51",61,41.68,-76.24,"C,II","Other,Waste",2552.939498,1,"w",1,"w",1,"s",1,"n",1,"s",1,"s",1,"n",1,"w",1,"w",1,"w",1,"n",1,"w",1,"s",1,"s",1,"w"
"52",62,40.3,-79.37,"C,Q","Metals",8.632990868,0,"w",0,"w",0,"w",0,"w",0,"w",0,"w",0,"w",0,"w",0,"w",0,"w",0,"w",0,"w",0,"w",0,"w",0,"w"
"53",63,40.88,-77.73,"C,W-NGTC","Petroleum and Natural Gas Systems",292.8795662,3,"w",3,"w",3,"w",3,"w",3,"w",3,"w",3,"w",3,"w",3,"w",3,"w",3,"w",3,"w",3,"w",3,"w",3,"w"
"54",64,39.87,-77.69,"D","Power Plants",5.636415525,0,"s",0,"s",0,"s",3,"s",0,"s",0,"s",0,"s",0,"s",0,"s",0,"s",0,"s",0,"s",0,"s",0,"s",0,"s"
"55",65,41.53,-76.34,"C","Petroleum and Natural Gas Systems",4.280821918,2,"w",2,"w",1,"s",1,"n",1,"s",1,"s",1,"w",2,"w",2,"w",2,"w",1,"w",1,"w",1,"s",1,"s",1,"w"
"56",66,41.75,-77.12,"C","Petroleum and Natural Gas Systems",3.424657534,3,"w",3,"w",2,"w",2,"w",2,"w",2,"w",2,"w",3,"w",3,"w",3,"w",2,"w",3,"w",2,"w",2,"w",2,"w"
"57",68,40.54,-79.79,"C,D","Power Plants",2394.691781,0,"w",0,"w",0,"w",0,"w",0,"w",0,"w",0,"w",0,"w",0,"w",0,"w",0,"w",0,"w",0,"w",0,"w",0,"w"
"58",69,40.67,-75.23,"C","Power Plants",6.706621005,3,"s",3,"s",3,"s",3,"e",3,"s",3,"s",3,"s",3,"s",3,"s",3,"s",3,"s",3,"s",3,"s",3,"s",3,"s"
"59",70,41.81,-76.29,"C","Petroleum and Natural Gas Systems",5.707762557,1,"w",2,"w",1,"w",2,"n",1,"w",1,"w",2,"n",1,"w",1,"w",1,"w",1,"n",1,"w",1,"w",1,"n",1,"n"
"60",72,41.88,-76.85,"C","Petroleum and Natural Gas Systems",5.921803653,2,"w",2,"w",2,"w",2,"n",1,"w",1,"w",2,"w",2,"w",2,"w",2,"w",2,"w",2,"w",2,"w",1,"w",2,"w"
"61",73,40.55,-78.8,"D","Power Plants",855.3795662,0,"w",0,"w",0,"w",0,"w",0,"w",0,"w",0,"w",0,"w",0,"w",0,"w",0,"w",0,"w",0,"w",0,"w",0,"w"
"62",74,41.01,-76.86,"C","Other",4.35216895,3,"w",3,"w",3,"s",1,"w",3,"s",3,"s",2,"w",3,"w",3,"s",3,"s",2,"s",3,"w",3,"s",2,"s",2,"w"
"63",75,40.38,-79.06,"C,D","Power Plants",8260.34532,0,"w",0,"w",0,"w",0,"w",0,"w",0,"w",0,"w",0,"w",0,"w",0,"w",0,"w",0,"w",0,"w",0,"w",0,"w"
"64",76,39.92,-80.12,"C,W-NGTC","Petroleum and Natural Gas Systems",822.7026256,0,"w",0,"w",0,"w",0,"w",0,"w",0,"w",0,"w",0,"w",0,"w",0,"w",0,"w",0,"w",0,"w",0,"w",0,"w"
"65",79,41.66,-77.12,"C","Petroleum and Natural Gas Systems",3.63869863,3,"w",3,"w",2,"w",2,"w",2,"w",2,"w",2,"w",3,"w",3,"w",3,"w",2,"w",3,"w",2,"w",2,"w",2,"w"
"66",81,40.19,-79.86,"C,V","Chemicals",1.569634703,0,"w",0,"w",0,"w",0,"w",0,"w",0,"w",0,"w",0,"w",0,"w",0,"w",0,"w",0,"w",0,"w",0,"w",0,"w"
"67",83,39.83,-75.39,"C","Waste",2000.142694,0,"s",0,"s",0,"s",3,"s",0,"s",0,"s",3,"s",0,"s",0,"s",0,"s",0,"s",0,"s",0,"s",0,"s",3,"s"
"68",84,40.38,-79.55,"C,W-NGTC","Petroleum and Natural Gas Systems",3194.492009,0,"w",0,"w",0,"w",0,"w",0,"w",0,"w",0,"w",0,"w",0,"w",0,"w",0,"w",0,"w",0,"w",0,"w",0,"w"
"69",85,41.49,-78.68,"AA,C","Pulp and Paper",357.163242,0,"w",0,"w",0,"w",3,"w",0,"w",0,"w",0,"w",0,"w",0,"w",0,"w",0,"w",0,"w",0,"w",0,"w",0,"w"
"70",86,39.86,-79.92,"C,D","Power Plants",237.0148402,0,"w",0,"w",0,"w",0,"w",0,"w",0,"w",0,"w",0,"w",0,"w",0,"w",0,"w",0,"w",0,"w",0,"w",0,"w"
"71",87,40.47,-75.77,"C,R","Metals",15.4109589,3,"s",3,"s",3,"s",3,"s",3,"s",3,"s",3,"s",3,"s",3,"s",3,"s",3,"s",3,"s",3,"s",3,"s",3,"s"
"72",88,40.99,-80.35,"C","Other",5.422374429,0,"w",0,"w",0,"w",0,"w",0,"w",0,"w",0,"w",0,"w",0,"w",0,"w",0,"w",0,"w",0,"w",0,"w",0,"w"
"73",89,41.84,-79.27,"C,Q","Metals",4.209474886,0,"w",0,"w",0,"w",0,"w",0,"w",0,"w",0,"w",0,"w",0,"w",0,"w",0,"w",0,"w",0,"w",0,"w",0,"w"
"74",90,40.99,-80.35,"C,Q","Metals",5.636415525,0,"w",0,"w",0,"w",0,"w",0,"w",0,"w",0,"w",0,"w",0,"w",0,"w",0,"w",0,"w",0,"w",0,"w",0,"w"
"75",91,41.08,-78.45,"C","Petroleum and Natural Gas Systems",2.925228311,0,"w",0,"w",0,"w",3,"w",0,"w",3,"w",3,"w",0,"w",0,"w",0,"w",3,"w",0,"w",0,"w",3,"w",0,"w"
"76",92,40.73,-75.3,"C,H","Minerals",246.3613014,3,"s",3,"s",3,"s",3,"e",3,"s",3,"s",2,"s",3,"s",3,"s",3,"s",3,"s",3,"s",3,"s",3,"s",3,"s"
"77",94,39.84,-75.37,"C","Chemicals",3.924086758,0,"s",0,"s",0,"s",3,"s",0,"s",0,"s",3,"s",0,"s",0,"s",0,"s",0,"s",0,"s",0,"s",0,"s",3,"s"
"78",95,40.38,-75.91,"C","Metals",0.35673516,3,"s",3,"s",3,"s",3,"s",3,"s",3,"s",3,"s",3,"s",3,"s",3,"s",3,"s",3,"s",3,"s",3,"s",3,"s"
"79",96,40.27,-79.9,"C","Other",3.710045662,0,"w",0,"w",0,"w",0,"w",0,"w",0,"w",0,"w",0,"w",0,"w",0,"w",0,"w",0,"w",0,"w",0,"w",0,"w"
"80",97,40.46,-78.75,"C,D","Power Plants",425.8704338,0,"w",0,"w",0,"w",0,"w",0,"w",0,"w",0,"w",0,"w",0,"w",0,"w",0,"w",0,"w",0,"w",0,"w",0,"w"
"81",98,39.86,-75.32,"C,D","Power Plants",25.68493151,0,"s",0,"s",0,"s",3,"s",0,"s",0,"s",3,"s",0,"s",0,"s",0,"s",0,"s",3,"s",0,"s",0,"s",3,"s"
"82",99,41.81,-76.2,"C","Petroleum and Natural Gas Systems",5.850456621,1,"w",1,"w",1,"n",2,"n",1,"e",1,"e",2,"n",1,"w",1,"w",1,"w",1,"n",1,"w",1,"w",1,"n",1,"n"
"83",100,41.93,-77.87,"C,W-UNSTG","Petroleum and Natural Gas Systems",949.6289954,3,"w",3,"w",3,"w",3,"w",3,"w",3,"w",3,"w",3,"w",3,"w",3,"w",3,"w",3,"w",3,"w",3,"w",3,"w"
"84",102,40.31,-78.14,"C,W-NGTC","Petroleum and Natural Gas Systems",1564.497717,0,"w",0,"w",0,"w",3,"w",0,"s",0,"s",0,"w",0,"w",0,"w",0,"w",0,"w",0,"w",0,"w",0,"w",0,"w"
"85",104,42.15,-80.07,"C,Q","Metals",2.711187215,0,"w",0,"w",0,"w",0,"w",0,"w",0,"w",0,"w",0,"w",0,"w",0,"w",0,"w",0,"w",0,"w",0,"w",0,"w"
"86",106,39.81,-75.42,"D","Power Plants",262.9138128,0,"s",0,"s",0,"s",3,"s",0,"s",0,"s",3,"s",0,"s",0,"s",0,"s",0,"s",0,"s",0,"s",0,"s",3,"s"
"87",108,41.14,-75.89,"C,I","Other",0.499429224,2,"s",2,"s",2,"s",1,"e",2,"s",2,"s",1,"s",2,"s",2,"s",2,"s",2,"s",2,"s",2,"s",2,"s",1,"s"
"88",109,40.15,-74.74,"C,D","Power Plants",361.0873288,0,"s",3,"s",0,"s",3,"e",0,"s",0,"s",3,"s",0,"s",0,"s",0,"s",0,"s",3,"s",0,"s",0,"s",3,"s"
"89",110,41.43,-77.86,"C,W-NGTC","Petroleum and Natural Gas Systems",842.7511416,3,"w",3,"w",3,"w",3,"w",3,"w",3,"w",3,"w",3,"w",3,"w",3,"w",3,"w",3,"w",3,"w",3,"w",3,"w"
"90",111,42.15,-80.03,"C","Other",8.847031963,0,"w",0,"w",0,"w",0,"w",0,"w",0,"w",0,"w",0,"w",0,"w",0,"w",0,"w",0,"w",0,"w",0,"w",0,"w"
"91",112,40.08,-75.33,"C","Chemicals",3.710045662,3,"s",3,"s",0,"s",3,"s",0,"s",0,"s",3,"s",3,"s",0,"s",0,"s",3,"s",3,"s",0,"s",3,"s",3,"s"
"92",113,41.79,-76.45,"C","Metals",6.278538813,2,"w",2,"w",1,"w",2,"n",1,"w",1,"w",2,"n",2,"w",2,"w",2,"w",1,"n",2,"w",1,"w",1,"w",1,"w"
"93",115,40.92,-77.72,"C,S","Minerals",256.9920091,3,"w",3,"w",3,"w",3,"w",3,"w",3,"w",3,"w",3,"w",3,"w",3,"w",3,"w",3,"w",3,"w",3,"w",3,"w"
"94",119,40.26,-79.91,"C,N","Minerals",7.491438356,0,"w",0,"w",0,"w",0,"w",0,"w",0,"w",0,"w",0,"w",0,"w",0,"w",0,"w",0,"w",0,"w",0,"w",0,"w"
"95",120,40.97,-76.6,"C","Other",4.70890411,3,"s",3,"s",2,"s",1,"s",2,"s",2,"s",2,"s",3,"s",3,"s",3,"s",2,"s",2,"s",3,"s",2,"s",2,"s"
"96",122,40.39,-76.63,"C,W-NGTC","Petroleum and Natural Gas Systems",2649.472032,3,"s",3,"s",3,"s",3,"s",3,"s",3,"s",3,"s",3,"s",3,"s",3,"s",3,"s",3,"s",3,"s",3,"s",3,"s"
"97",123,41.73,-76.71,"C","Petroleum and Natural Gas Systems",7.063356164,2,"w",2,"w",1,"w",2,"n",1,"w",1,"w",2,"w",2,"w",2,"w",2,"w",1,"w",2,"w",2,"w",1,"w",2,"w"
"98",124,40.18,-75.46,"C","Other",20.83333333,3,"s",3,"s",3,"s",3,"s",3,"s",3,"s",3,"s",3,"s",3,"s",3,"s",3,"s",3,"s",3,"s",3,"s",3,"s"
"99",125,39.94,-75.19,"C,D","Power Plants",89.39783105,0,"s",0,"s",0,"s",3,"s",0,"s",0,"s",3,"s",0,"s",0,"s",0,"s",0,"s",3,"s",0,"s",0,"s",3,"s"
"100",126,41.49,-77.74,"C,W-UNSTG,W-NGTC","Petroleum and Natural Gas Systems",1977.811073,3,"w",3,"w",3,"w",3,"w",3,"w",3,"w",3,"w",3,"w",3,"w",3,"w",3,"w",3,"w",3,"w",3,"w",3,"w"
"101",127,41.79,-76.21,"C","Petroleum and Natural Gas Systems",4.066780822,1,"w",1,"w",1,"w",2,"n",1,"e",1,"e",1,"n",1,"w",1,"w",1,"w",1,"n",1,"w",1,"w",1,"n",1,"n"
"102",128,40.75,-75.27,"C,H","Minerals",269.1210046,3,"s",3,"s",3,"s",3,"e",3,"s",3,"s",2,"e",3,"s",3,"s",3,"s",3,"s",3,"s",3,"s",3,"s",3,"s"
"103",129,41.29,-79.81,"D","Power Plants",10.34531963,0,"w",0,"w",0,"w",0,"w",0,"w",0,"w",0,"w",0,"w",0,"w",0,"w",0,"w",0,"w",0,"w",0,"w",0,"w"
"104",130,41.98,-77.69,"C,W-UNSTG","Petroleum and Natural Gas Systems",2737.228881,3,"w",3,"w",3,"w",3,"w",3,"w",3,"w",3,"w",3,"w",3,"w",3,"w",3,"w",3,"w",3,"w",3,"w",3,"w"
"105",132,40.24,-79.76,"C","Petroleum and Natural Gas Systems",5.707762557,0,"w",0,"w",0,"w",0,"w",0,"w",0,"w",0,"w",0,"w",0,"w",0,"w",0,"w",0,"w",0,"w",0,"w",0,"w"
"106",133,41.55,-75.84,"C","Petroleum and Natural Gas Systems",7.420091324,1,"s",1,"s",1,"e",2,"e",1,"e",1,"e",1,"n",1,"s",1,"s",1,"s",1,"e",1,"s",1,"s",1,"e",1,"e"
"107",134,39.89,-80.45,"C,W-NGTC","Petroleum and Natural Gas Systems",1586.900685,0,"w",0,"w",0,"w",0,"w",0,"w",0,"w",0,"w",0,"w",0,"w",0,"w",0,"w",0,"w",0,"w",0,"w",0,"w"
"108",135,40.51,-79.2,"C,D","Power Plants",9060.145548,0,"w",0,"w",0,"w",0,"w",0,"w",0,"w",0,"w",0,"w",0,"w",0,"w",0,"w",0,"w",0,"w",0,"w",0,"w"
"109",136,40.01,-75.07,"C","Chemicals",20.54794521,0,"s",3,"s",0,"s",3,"s",0,"s",0,"s",3,"s",0,"s",0,"s",0,"s",0,"s",3,"s",0,"s",0,"s",3,"s"
"110",137,40.26,-80.25,"C,NN-FRAC,W-PROC","Natural Gas and Natural Gas Liquids Suppliers,Petroleum and Natural Gas Systems",2461.115868,0,"w",0,"w",0,"w",0,"w",0,"w",0,"w",0,"w",0,"w",0,"w",0,"w",0,"w",0,"w",0,"w",0,"w",0,"w"
"111",138,40.81,-75.58,"C,GG","Metals",3.99543379,3,"s",3,"s",3,"s",2,"e",3,"s",3,"s",2,"s",3,"s",3,"s",3,"s",3,"s",2,"s",3,"s",3,"s",2,"s"
"112",139,40.67,-80.34,"C,GG","Metals",0.927511416,0,"w",0,"w",0,"w",0,"w",0,"w",0,"w",0,"w",0,"w",0,"w",0,"w",0,"w",0,"w",0,"w",0,"w",0,"w"
"113",140,41.2,-76.07,"C,D","Power Plants",47.23173516,2,"s",2,"s",2,"s",1,"e",2,"s",2,"s",1,"s",2,"s",2,"s",2,"s",1,"s",2,"s",2,"s",2,"s",1,"s"
"114",141,41.2,-76.07,"D","Power Plants",0.499429224,2,"s",2,"s",2,"s",1,"e",2,"s",2,"s",1,"s",2,"s",2,"s",2,"s",1,"s",2,"s",2,"s",2,"s",1,"s"
"115",142,39.87,-77.17,"C,D","Power Plants",192.6369863,0,"s",0,"s",0,"s",3,"s",0,"s",0,"s",3,"s",0,"s",0,"s",0,"s",0,"s",0,"s",0,"s",0,"s",0,"s"
"116",146,41.02,-79.72,"C","Chemicals",11.48687215,0,"w",0,"w",0,"w",0,"w",0,"w",0,"w",0,"w",0,"w",0,"w",0,"w",0,"w",0,"w",0,"w",0,"w",0,"w"
"117",147,40.86,-80.26,"C,Q","Metals",0.285388128,0,"w",0,"w",0,"w",0,"w",0,"w",0,"w",0,"w",0,"w",0,"w",0,"w",0,"w",0,"w",0,"w",0,"w",0,"w"
"118",148,41.86,-78.45,"C","Petroleum and Natural Gas Systems",88.82705479,0,"w",0,"w",3,"w",3,"w",3,"w",3,"w",0,"w",0,"w",0,"w",0,"w",3,"w",0,"w",3,"w",3,"w",0,"w"
"119",149,40.61,-80.23,"C","Metals",8.062214612,0,"w",0,"w",0,"w",0,"w",0,"w",0,"w",0,"w",0,"w",0,"w",0,"w",0,"w",0,"w",0,"w",0,"w",0,"w"
"120",150,40.84,-80.32,"C,Q","Metals",1.997716895,0,"w",0,"w",0,"w",0,"w",0,"w",0,"w",0,"w",0,"w",0,"w",0,"w",0,"w",0,"w",0,"w",0,"w",0,"w"
"121",152,40.28,-75.34,"C,II","Other,Waste",6956.050228,3,"s",3,"s",3,"s",3,"s",3,"s",3,"s",3,"s",3,"s",3,"s",3,"s",3,"s",3,"s",3,"s",3,"s",3,"s"
"122",154,40.17,-80.29,"C","Metals",5.422374429,0,"w",0,"w",0,"w",0,"w",0,"w",0,"w",0,"w",0,"w",0,"w",0,"w",0,"w",0,"w",0,"w",0,"w",0,"w"
"123",155,40.63,-80.45,"C,Q","Metals",6.278538813,0,"w",0,"w",0,"w",0,"w",0,"w",0,"w",0,"w",0,"w",0,"w",0,"w",0,"w",0,"w",0,"w",0,"w",0,"w"
"124",156,39.91,-80.07,"C,W-NGTC","Petroleum and Natural Gas Systems",628.8527397,0,"w",0,"w",0,"w",0,"w",0,"w",0,"w",0,"w",0,"w",0,"w",0,"w",0,"w",0,"w",0,"w",0,"w",0,"w"
"125",157,40.79,-76.2,"C,D","Power Plants",56.43550228,3,"s",3,"s",3,"s",2,"s",3,"s",3,"s",2,"s",3,"s",3,"s",3,"s",2,"s",2,"s",3,"s",3,"s",2,"s"
"126",158,39.97,-80.11,"C","Petroleum and Natural Gas Systems",3.710045662,0,"w",0,"w",0,"w",0,"w",0,"w",0,"w",0,"w",0,"w",0,"w",0,"w",0,"w",0,"w",0,"w",0,"w",0,"w"
"127",159,40.09,-76.38,"C","Other",3.852739726,0,"s",3,"s",3,"s",3,"s",3,"s",3,"s",3,"s",0,"s",0,"s",0,"s",3,"s",3,"s",3,"s",3,"s",3,"s"
"128",161,40.72,-75.4,"C,H","Minerals",83.04794521,3,"s",3,"s",3,"s",3,"e",3,"s",3,"s",2,"s",3,"s",3,"s",3,"s",3,"s",3,"s",3,"s",3,"s",3,"s"
"129",163,39.84,-75.36,"C","Pulp and Paper",240.7248858,0,"s",0,"s",0,"s",3,"s",0,"s",0,"s",3,"s",0,"s",0,"s",0,"s",0,"s",0,"s",0,"s",0,"s",3,"s"
"130",164,40.66,-79.34,"C,D","Power Plants",8813.998288,0,"w",0,"w",0,"w",0,"w",0,"w",0,"w",0,"w",0,"w",0,"w",0,"w",0,"w",0,"w",0,"w",0,"w",0,"w"
"131",165,40.69,-75.51,"C,H","Minerals",83.61872146,3,"s",3,"s",3,"s",3,"e",3,"s",3,"s",2,"s",3,"s",3,"s",3,"s",3,"s",3,"s",3,"s",3,"s",3,"s"
"132",168,40.13,-77.17,"C","Other",4.994292237,0,"s",0,"s",0,"s",3,"s",0,"s",0,"s",3,"s",0,"s",0,"s",0,"s",3,"s",0,"s",0,"s",3,"s",3,"s"
"133",170,39.95,-76.77,"C,H","Minerals",19.26369863,0,"s",0,"s",0,"s",3,"s",0,"s",0,"s",3,"s",0,"s",0,"s",0,"s",3,"s",0,"s",0,"s",0,"s",3,"s"
"134",171,40.47,-75.9,"C,H","Minerals",0.428082192,3,"s",3,"s",3,"s",2,"s",3,"s",3,"s",3,"s",3,"s",3,"s",3,"s",3,"s",3,"s",3,"s",3,"s",3,"s"
"135",172,40.62,-75.35,"C","Other",2.568493151,3,"s",3,"s",3,"s",3,"e",3,"s",3,"s",3,"s",3,"s",3,"s",3,"s",3,"s",3,"s",3,"s",3,"s",3,"s"
"136",173,40.07,-76.64,"C","Waste",955.9788813,0,"s",0,"s",3,"s",3,"s",3,"s",3,"s",3,"s",0,"s",0,"s",0,"s",3,"s",3,"s",0,"s",3,"s",3,"s"
"137",174,41.71,-75.92,"C","Petroleum and Natural Gas Systems",6.849315068,1,"w",1,"w",1,"e",2,"n",1,"e",1,"e",1,"n",1,"w",1,"s",1,"s",1,"e",1,"w",1,"s",1,"e",1,"n"
"138",175,40.42,-78.92,"C,W-NGTC","Petroleum and Natural Gas Systems",413.027968,0,"w",0,"w",0,"w",0,"w",0,"w",0,"w",0,"w",0,"w",0,"w",0,"w",0,"w",0,"w",0,"w",0,"w",0,"w"
"139",176,41.43,-77.85,"C,W-UNSTG","Petroleum and Natural Gas Systems",3937.785388,3,"w",3,"w",3,"w",3,"w",3,"w",3,"w",3,"w",3,"w",3,"w",3,"w",3,"w",3,"w",3,"w",3,"w",3,"w"
"140",177,39.86,-75.34,"D","Power Plants",198.55879,0,"s",0,"s",0,"s",3,"s",0,"s",0,"s",3,"s",0,"s",0,"s",0,"s",0,"s",3,"s",0,"s",0,"s",3,"s"
"141",178,40.44,-78.6,"C,W-NGTC","Petroleum and Natural Gas Systems",1319.492009,0,"w",0,"w",0,"w",0,"w",0,"w",0,"w",0,"w",0,"w",0,"w",0,"w",0,"w",0,"w",0,"w",0,"w",0,"w"
"142",180,40.8,-75.11,"D","Power Plants",215.2539954,3,"s",3,"s",3,"s",3,"e",3,"s",3,"s",3,"e",3,"s",3,"s",3,"s",3,"e",3,"s",3,"s",3,"s",3,"s"
"143",182,41.15,-76.92,"C","Power Plants",10.63070776,3,"w",3,"w",2,"s",1,"w",2,"s",2,"s",2,"w",3,"w",3,"w",3,"w",2,"w",3,"w",3,"s",2,"s",2,"w"
"144",184,39.94,-76.82,"C,S","Minerals",168.5216895,0,"s",0,"s",0,"s",3,"s",0,"s",0,"s",3,"s",0,"s",0,"s",0,"s",3,"s",0,"s",0,"s",0,"s",3,"s"
"145",186,41.07,-79.98,"C,S","Minerals",73.77283105,0,"w",0,"w",0,"w",0,"w",0,"w",0,"w",0,"w",0,"w",0,"w",0,"w",0,"w",0,"w",0,"w",0,"w",0,"w"
"146",189,41.7,-78.48,"C","Other",5.422374429,0,"w",0,"w",3,"w",3,"w",3,"w",3,"w",0,"w",0,"w",0,"w",0,"w",3,"w",0,"w",0,"w",3,"w",0,"w"
"147",190,40.06,-76.58,"C,W-NGTC","Petroleum and Natural Gas Systems",1131.278539,0,"s",3,"s",3,"s",3,"s",3,"s",3,"s",3,"s",0,"s",0,"s",0,"s",3,"s",3,"s",0,"s",3,"s",3,"s"
"148",191,40.21,-75.3,"C","Chemicals",40.23972603,3,"s",3,"s",3,"s",3,"s",3,"s",3,"s",3,"s",3,"s",3,"s",3,"s",3,"s",3,"s",3,"s",3,"s",3,"s"
"149",192,39.82,-75.4,"C,MM-REF,Y","Petroleum Product Suppliers,Refineries",978.0964612,0,"s",0,"s",0,"s",3,"s",0,"s",0,"s",3,"s",0,"s",0,"s",0,"s",0,"s",0,"s",0,"s",0,"s",3,"s"
"150",194,41.9,-77.91,"C,W-NGTC","Petroleum and Natural Gas Systems",33909.746,3,"w",3,"w",3,"w",3,"w",3,"w",3,"w",3,"w",3,"w",3,"w",3,"w",3,"w",3,"w",3,"w",3,"w",3,"w"
"151",195,40.16,-80.34,"C,W-NGTC","Petroleum and Natural Gas Systems",1650.47089,0,"w",0,"w",0,"w",0,"w",0,"w",0,"w",0,"w",0,"w",0,"w",0,"w",0,"w",0,"w",0,"w",0,"w",0,"w"
"152",196,41.72,-78.97,"C,W-NGTC","Petroleum and Natural Gas Systems",5644.47774,0,"w",0,"w",0,"w",0,"w",0,"w",0,"w",0,"w",0,"w",0,"w",0,"w",0,"w",0,"w",0,"w",0,"w",0,"w"
"153",197,40.01,-75.05,"C","Pulp and Paper",4.138127854,0,"s",3,"s",0,"s",3,"s",0,"s",0,"s",3,"s",0,"s",0,"s",0,"s",0,"s",3,"s",0,"s",0,"s",3,"s"
"154",198,40.63,-80.42,"C","Minerals",8.775684932,0,"w",0,"w",0,"w",0,"w",0,"w",0,"w",0,"w",0,"w",0,"w",0,"w",0,"w",0,"w",0,"w",0,"w",0,"w"
"155",199,41.06,-76.87,"C","Pulp and Paper",5.065639269,3,"w",3,"w",2,"s",1,"w",2,"s",2,"s",2,"w",3,"w",3,"w",3,"w",2,"s",3,"w",3,"s",2,"s",2,"w"
"156",200,41.21,-80.51,"C","Metals",24.3293379,0,"w",0,"w",0,"w",0,"w",0,"w",0,"w",0,"w",0,"w",0,"w",0,"w",0,"w",0,"w",0,"w",0,"w",0,"w"
"157",201,40.53,-78.39,"C","Other",24.97146119,0,"w",0,"w",0,"w",3,"w",0,"w",0,"w",0,"w",0,"w",0,"w",0,"w",0,"w",0,"w",0,"w",0,"w",0,"w"
"158",203,40.27,-76.88,"C","Power Plants",5.102739726,0,"s",3,"s",3,"s",3,"s",3,"s",3,"s",3,"s",3,"s",3,"s",3,"s",3,"s",3,"s",3,"s",3,"s",3,"s"
"159",204,40.45,-80,"C","Power Plants",4.994292237,0,"w",0,"w",0,"w",0,"w",0,"w",0,"w",0,"w",0,"w",0,"w",0,"w",0,"w",0,"w",0,"w",0,"w",0,"w"
"160",205,40.94,-80.37,"C,D","Power Plants",263.6986301,0,"w",0,"w",0,"w",0,"w",0,"w",0,"w",0,"w",0,"w",0,"w",0,"w",0,"w",0,"w",0,"w",0,"w",0,"w"
"161",206,40.19,-78.93,"C,Q","Metals",2.497146119,0,"w",0,"w",0,"w",0,"w",0,"w",0,"w",0,"w",0,"w",0,"w",0,"w",0,"w",0,"w",0,"w",0,"w",0,"w"
"162",207,40.69,-75.48,"C","Power Plants",689.0696347,3,"s",3,"s",3,"s",3,"e",3,"s",3,"s",2,"s",3,"s",3,"s",3,"s",3,"s",3,"s",3,"s",3,"s",3,"s"
"163",208,40.87,-75.99,"C,D","Power Plants",1.569634703,3,"s",2,"s",3,"s",2,"s",3,"s",3,"s",2,"s",3,"s",3,"s",3,"s",2,"s",2,"s",3,"s",2,"s",2,"s"
"164",209,41.75,-77.29,"C,N","Minerals",4.138127854,3,"w",3,"w",2,"w",2,"w",2,"w",2,"w",3,"w",3,"w",3,"w",3,"w",2,"w",3,"w",3,"w",2,"w",3,"w"
"165",210,41.17,-78.79,"C,N","Minerals",6.992009132,0,"w",0,"w",0,"w",3,"w",0,"w",0,"w",0,"w",0,"w",0,"w",0,"w",0,"w",0,"w",0,"w",0,"w",0,"w"
"166",211,41.24,-78.79,"C,N","Minerals",3.067922374,0,"w",0,"w",0,"w",3,"w",0,"w",0,"w",0,"w",0,"w",0,"w",0,"w",0,"w",0,"w",0,"w",0,"w",0,"w"
"167",212,40.3,-79.53,"C,W-NGTC,W-UNSTG","Petroleum and Natural Gas Systems",2176.155822,0,"w",0,"w",0,"w",0,"w",0,"w",0,"w",0,"w",0,"w",0,"w",0,"w",0,"w",0,"w",0,"w",0,"w",0,"w"
"168",213,40.42,-75.94,"C,D","Power Plants",180.864726,3,"s",3,"s",3,"s",3,"s",3,"s",3,"s",3,"s",3,"s",3,"s",3,"s",3,"s",3,"s",3,"s",3,"s",3,"s"
"169",214,39.87,-76.87,"AA,C","Pulp and Paper",681.5781963,0,"s",0,"s",0,"s",3,"s",0,"s",0,"s",3,"s",0,"s",0,"s",0,"s",3,"s",0,"s",0,"s",0,"s",0,"s"
"170",215,40.03,-75.24,"C","Pulp and Paper",8.204908676,0,"s",3,"s",0,"s",3,"s",0,"s",0,"s",3,"s",0,"s",0,"s",0,"s",3,"s",3,"s",0,"s",0,"s",3,"s"
"171",216,41.48,-75.54,"C,D","Power Plants",55.5793379,1,"s",1,"s",2,"e",2,"e",2,"e",2,"e",1,"e",1,"s",1,"s",1,"s",2,"e",1,"e",2,"e",2,"e",1,"e"
"172",217,40.27,-76.67,"C","Other",3.852739726,3,"s",3,"s",3,"s",3,"s",3,"s",3,"s",3,"s",3,"s",3,"s",3,"s",3,"s",3,"s",3,"s",3,"s",3,"s"
"173",219,41.52,-80.2,"C,N","Minerals",16.98059361,0,"w",0,"w",0,"w",0,"w",0,"w",0,"w",0,"w",0,"w",0,"w",0,"w",0,"w",0,"w",0,"w",0,"w",0,"w"
"174",220,40.13,-77.17,"C,N","Minerals",23.25913242,0,"s",0,"s",0,"s",3,"s",0,"s",0,"s",3,"s",0,"s",0,"s",0,"s",3,"s",0,"s",0,"s",3,"s",3,"s"
"175",221,40.1,-76.7,"D","Power Plants",4695.562215,0,"s",3,"s",3,"s",3,"s",3,"s",3,"s",3,"s",0,"s",0,"s",0,"s",3,"s",3,"s",3,"s",3,"s",3,"s"
"176",222,40.35,-76.37,"C,D","Power Plants",280.8932648,3,"s",3,"s",3,"s",3,"s",3,"s",3,"s",3,"s",3,"s",3,"s",3,"s",3,"s",3,"s",3,"s",3,"s",3,"s"
"177",223,40.8,-75.11,"C,D","Power Plants",149.9714612,3,"s",3,"s",3,"s",3,"e",3,"s",3,"s",3,"e",3,"s",3,"s",3,"s",3,"e",3,"s",3,"s",3,"s",3,"s"
"178",224,41.07,-76.67,"C,D","Power Plants",5275.47089,3,"s",3,"w",2,"s",1,"s",2,"s",2,"s",2,"w",3,"s",3,"s",3,"s",2,"s",2,"w",2,"s",2,"s",2,"w"
"179",225,40.13,-77.5,"C","Power Plants",11.77226027,0,"s",0,"s",0,"s",3,"s",0,"s",0,"s",3,"s",0,"s",0,"s",0,"s",3,"s",0,"s",0,"s",0,"s",0,"s"
"180",226,39.84,-75.37,"C","Chemicals",3.63869863,0,"s",0,"s",0,"s",3,"s",0,"s",0,"s",3,"s",0,"s",0,"s",0,"s",0,"s",0,"s",0,"s",0,"s",3,"s"
"181",227,40.86,-75.88,"C","Power Plants",645.2625571,3,"s",2,"s",3,"s",2,"s",3,"s",3,"s",2,"s",3,"s",3,"s",3,"s",2,"s",2,"s",3,"s",3,"s",2,"s"
"182",229,40.81,-77.86,"C","Other",87.32876712,0,"w",0,"w",3,"w",3,"w",3,"w",3,"w",3,"w",0,"w",0,"w",0,"w",3,"w",3,"w",3,"w",3,"w",3,"w"
"183",230,41.03,-78.42,"C,II","Other,Waste",94.46347032,0,"w",0,"w",0,"w",3,"w",0,"w",3,"w",3,"w",0,"w",0,"w",0,"w",3,"w",0,"w",0,"w",3,"w",0,"w"
"184",231,40.36,-77.65,"C,W-NGTC","Petroleum and Natural Gas Systems",7336.686644,0,"s",0,"w",0,"s",3,"w",3,"s",3,"s",3,"w",0,"w",0,"s",0,"s",3,"s",0,"w",0,"s",3,"s",3,"w"
"185",232,39.91,-75.21,"C,MM-REF,Y","Petroleum Product Suppliers,Refineries",1214.041096,0,"s",0,"s",0,"s",3,"s",0,"s",0,"s",3,"s",0,"s",0,"s",0,"s",0,"s",3,"s",0,"s",0,"s",3,"s"
"186",234,40.91,-75.08,"C,D","Power Plants",198.630137,3,"s",3,"s",3,"s",3,"e",3,"s",3,"e",2,"e",3,"s",3,"s",3,"s",3,"e",2,"s",3,"s",3,"e",3,"e"
"187",236,41.76,-76.84,"C","Petroleum and Natural Gas Systems",5.136986301,2,"w",2,"w",2,"w",2,"n",1,"w",1,"w",2,"w",2,"w",2,"w",2,"w",2,"w",2,"w",2,"w",1,"w",2,"w"
"188",237,41,-75.15,"C","Pulp and Paper",3.567351598,3,"s",2,"s",3,"s",3,"e",3,"e",3,"e",2,"e",3,"s",3,"s",3,"s",3,"e",2,"s",3,"s",3,"e",2,"e"
"189",238,40.33,-75.95,"C","Other",2.711187215,3,"s",3,"s",3,"s",3,"s",3,"s",3,"s",3,"s",3,"s",3,"s",3,"s",3,"s",3,"s",3,"s",3,"s",3,"s"
"190",239,41.09,-75.33,"C","Chemicals",4.209474886,2,"s",2,"s",3,"s",2,"e",3,"s",3,"s",2,"e",2,"s",2,"s",2,"s",2,"e",2,"s",3,"s",3,"e",2,"e"
"191",240,40.63,-76.19,"C","Metals",9.346461187,3,"s",3,"s",3,"s",2,"s",3,"s",3,"s",2,"s",3,"s",3,"s",3,"s",3,"s",3,"s",3,"s",3,"s",3,"s"
"192",243,41.02,-79.72,"C,MM-IMP","Petroleum Product Suppliers,Petroleum and Natural Gas Systems",10.70205479,0,"w",0,"w",0,"w",0,"w",0,"w",0,"w",0,"w",0,"w",0,"w",0,"w",0,"w",0,"w",0,"w",0,"w",0,"w"
"193",245,40.22,-76.93,"C","Other",3.067922374,0,"s",3,"s",3,"s",3,"s",3,"s",3,"s",3,"s",0,"s",0,"s",0,"s",3,"s",3,"s",3,"s",3,"s",3,"s"
"194",246,40.64,-77.57,"C,Q","Metals",7.99086758,0,"w",3,"w",3,"s",3,"w",3,"s",3,"s",3,"w",0,"w",0,"w",0,"w",3,"w",3,"w",3,"s",3,"s",3,"w"
"195",247,40.84,-76.83,"D","Power Plants",23.04509132,3,"s",3,"w",3,"s",2,"s",3,"s",3,"s",2,"w",3,"s",3,"s",3,"s",2,"s",3,"w",3,"s",3,"s",3,"s"
"196",248,39.81,-75.42,"C","Other",0.142694064,0,"s",0,"s",0,"s",3,"s",0,"s",0,"s",3,"s",0,"s",0,"s",0,"s",0,"s",0,"s",0,"s",0,"s",3,"s"
"197",249,40.24,-76.85,"C","Waste",630.5650685,0,"s",3,"s",3,"s",3,"s",3,"s",3,"s",3,"s",0,"s",0,"s",0,"s",3,"s",3,"s",3,"s",3,"s",3,"s"
"198",250,40.81,-80.04,"C,NN-FRAC,W-PROC","Natural Gas and Natural Gas Liquids Suppliers,Petroleum and Natural Gas Systems",184.5034247,0,"w",0,"w",0,"w",0,"w",0,"w",0,"w",0,"w",0,"w",0,"w",0,"w",0,"w",0,"w",0,"w",0,"w",0,"w"
"199",251,39.94,-75.19,"C","Power Plants",0.71347032,0,"s",0,"s",0,"s",3,"s",0,"s",0,"s",3,"s",0,"s",0,"s",0,"s",0,"s",3,"s",0,"s",0,"s",3,"s"
"200",252,41.27,-79.81,"C,D","Power Plants",590.3253425,0,"w",0,"w",0,"w",0,"w",0,"w",0,"w",0,"w",0,"w",0,"w",0,"w",0,"w",0,"w",0,"w",0,"w",0,"w"
"201",254,40.41,-79.03,"C,D","Power Plants",2231.663813,0,"w",0,"w",0,"w",0,"w",0,"w",0,"w",0,"w",0,"w",0,"w",0,"w",0,"w",0,"w",0,"w",0,"w",0,"w"
"202",255,39.92,-79.82,"C","Petroleum and Natural Gas Systems",7.848173516,0,"w",0,"w",0,"w",0,"w",0,"w",0,"w",0,"w",0,"w",0,"w",0,"w",0,"w",0,"w",0,"w",0,"w",0,"w"
"203",256,41.07,-78.37,"C,D","Power Plants",1964.825913,0,"w",0,"w",3,"w",3,"w",3,"w",3,"w",3,"w",0,"w",0,"w",0,"w",3,"w",0,"w",0,"w",3,"w",0,"w"
"204",257,40.5,-80.08,"C,Q","Metals",3.63869863,0,"w",0,"w",0,"w",0,"w",0,"w",0,"w",0,"w",0,"w",0,"w",0,"w",0,"w",0,"w",0,"w",0,"w",0,"w"
"205",258,40.34,-77.16,"C,W-NGTC","Petroleum and Natural Gas Systems",3869.22089,0,"s",3,"s",3,"s",3,"s",3,"s",3,"s",3,"s",0,"s",0,"s",0,"s",3,"s",3,"s",3,"s",3,"s",3,"s"
"206",259,40.42,-80.36,"C","Petroleum and Natural Gas Systems",3.710045662,0,"w",0,"w",0,"w",0,"w",0,"w",0,"w",0,"w",0,"w",0,"w",0,"w",0,"w",0,"w",0,"w",0,"w",0,"w"
"207",261,40.82,-76.17,"C,D","Power Plants",77.48287671,3,"s",3,"s",3,"s",2,"s",3,"s",3,"s",2,"s",3,"s",3,"s",3,"s",2,"s",2,"s",3,"s",3,"s",2,"s"
"208",262,41.71,-76.21,"C","Petroleum and Natural Gas Systems",4.35216895,1,"w",1,"w",1,"s",2,"n",1,"s",1,"s",1,"n",1,"w",1,"w",1,"w",1,"n",1,"w",1,"s",1,"e",1,"w"
"209",263,40.48,-80.07,"C","Other",4.280821918,0,"w",0,"w",0,"w",0,"w",0,"w",0,"w",0,"w",0,"w",0,"w",0,"w",0,"w",0,"w",0,"w",0,"w",0,"w"
"210",265,41.7,-76.97,"C","Petroleum and Natural Gas Systems",6.9206621,3,"w",3,"w",2,"w",2,"n",2,"w",2,"w",2,"w",3,"w",2,"w",2,"w",2,"w",2,"w",2,"w",2,"w",2,"w"
"211",266,41.82,-75.69,"C","Other",6.992009132,1,"s",1,"n",1,"e",2,"n",1,"e",1,"e",2,"n",1,"e",1,"e",1,"e",2,"e",1,"n",1,"e",2,"e",1,"n"
"212",267,41.82,-75.69,"C","Other",4.566210046,1,"s",1,"n",1,"e",2,"n",1,"e",1,"e",2,"n",1,"e",1,"e",1,"e",2,"e",1,"n",1,"e",2,"e",1,"n"
"213",268,40.68,-78.23,"C","Pulp and Paper",141.6238584,0,"w",0,"w",0,"w",3,"w",0,"w",0,"w",3,"w",0,"w",0,"w",0,"w",3,"w",0,"w",0,"w",3,"w",0,"w"
"214",269,39.98,-75.15,"C","Other",5.279680365,0,"s",3,"s",0,"s",3,"s",0,"s",0,"s",3,"s",0,"s",0,"s",0,"s",0,"s",3,"s",0,"s",0,"s",3,"s"
"215",270,40,-75.15,"C","Other",5.065639269,0,"s",3,"s",0,"s",3,"s",0,"s",0,"s",3,"s",0,"s",0,"s",0,"s",0,"s",3,"s",0,"s",0,"s",3,"s"
"216",271,41.28,-80.27,"C,W-NGTC","Petroleum and Natural Gas Systems",4538.027968,0,"w",0,"w",0,"w",0,"w",0,"w",0,"w",0,"w",0,"w",0,"w",0,"w",0,"w",0,"w",0,"w",0,"w",0,"w"
"217",272,41.37,-79.66,"C,W-NGTC","Petroleum and Natural Gas Systems",428.9383562,0,"w",0,"w",0,"w",0,"w",0,"w",0,"w",0,"w",0,"w",0,"w",0,"w",0,"w",0,"w",0,"w",0,"w",0,"w"
"218",273,41.54,-79.04,"C,W-NGTC","Petroleum and Natural Gas Systems",1307.93379,0,"w",0,"w",0,"w",0,"w",0,"w",0,"w",0,"w",0,"w",0,"w",0,"w",0,"w",0,"w",0,"w",0,"w",0,"w"
"219",274,41.85,-78,"C,W-UNSTG","Petroleum and Natural Gas Systems",2412.885274,3,"w",3,"w",3,"w",3,"w",3,"w",3,"w",3,"w",3,"w",3,"w",3,"w",3,"w",3,"w",3,"w",3,"w",3,"w"
"220",275,41.74,-77.31,"C,W-NGTC","Petroleum and Natural Gas Systems",185.359589,3,"w",3,"w",2,"w",2,"w",2,"w",2,"w",3,"w",3,"w",3,"w",3,"w",2,"w",3,"w",3,"w",2,"w",3,"w"
"221",276,41.71,-75.6,"C,W-NGTC","Petroleum and Natural Gas Systems",3644.335046,1,"s",1,"e",1,"e",2,"e",2,"e",2,"e",2,"e",1,"s",1,"s",1,"s",2,"e",1,"e",1,"e",2,"e",1,"e"
"222",277,39.75,-76.36,"C,W-NGTC","Petroleum and Natural Gas Systems",462.9708904,0,"s",0,"s",0,"s",3,"s",0,"s",0,"s",3,"s",0,"s",0,"s",0,"s",0,"s",0,"s",0,"s",0,"s",0,"s"
"223",278,40.05,-75.59,"C,W-NGTC","Petroleum and Natural Gas Systems",1737.799658,0,"s",3,"s",0,"s",3,"s",0,"s",0,"s",3,"s",3,"s",0,"s",0,"s",3,"s",3,"s",0,"s",3,"s",3,"s"
"224",279,41.18,-75.69,"C,W-NGTC","Petroleum and Natural Gas Systems",2944.063927,2,"s",2,"s",2,"s",2,"e",2,"s",2,"s",1,"e",2,"s",2,"s",2,"s",2,"s",1,"s",2,"s",2,"s",1,"s"
"225",280,41.27,-76.43,"C,W-NGTC","Petroleum and Natural Gas Systems",1248.144977,2,"s",2,"w",2,"s",1,"s",2,"s",2,"s",1,"w",2,"s",2,"s",2,"s",1,"s",2,"w",2,"s",2,"s",1,"w"
"226",281,41.26,-77.23,"C,W-NGTC","Petroleum and Natural Gas Systems",2201.412671,3,"w",3,"w",3,"w",2,"w",3,"w",3,"w",2,"w",3,"w",3,"w",3,"w",2,"w",3,"w",3,"w",2,"w",3,"w"
"227",283,40.09,-76.09,"C","Other",4.209474886,3,"s",3,"s",3,"s",3,"s",3,"s",3,"s",3,"s",3,"s",3,"s",3,"s",3,"s",3,"s",3,"s",3,"s",3,"s"
"228",284,39.95,-75.19,"C","Other",3.567351598,0,"s",0,"s",0,"s",3,"s",0,"s",0,"s",3,"s",0,"s",0,"s",0,"s",0,"s",3,"s",0,"s",0,"s",3,"s"
"229",285,41.73,-76.81,"C","Petroleum and Natural Gas Systems",4.994292237,2,"w",2,"w",2,"w",2,"n",1,"w",1,"w",2,"w",2,"w",2,"w",2,"w",1,"w",2,"w",2,"w",1,"w",2,"w"
"230",286,40.33,-80.38,"C","Petroleum and Natural Gas Systems",8.418949772,0,"w",0,"w",0,"w",0,"w",0,"w",0,"w",0,"w",0,"w",0,"w",0,"w",0,"w",0,"w",0,"w",0,"w",0,"w"
"231",287,40.31,-75.91,"C,D","Power Plants",0.428082192,3,"s",3,"s",3,"s",3,"s",3,"s",3,"s",3,"s",3,"s",3,"s",3,"s",3,"s",3,"s",3,"s",3,"s",3,"s"
"232",290,39.94,-75.19,"C","Power Plants",10.41666667,0,"s",0,"s",0,"s",3,"s",0,"s",0,"s",3,"s",0,"s",0,"s",0,"s",0,"s",3,"s",0,"s",0,"s",3,"s"
"233",291,39.95,-75.16,"C","Power Plants",4.494863014,0,"s",0,"s",0,"s",3,"s",0,"s",0,"s",3,"s",0,"s",0,"s",0,"s",0,"s",3,"s",0,"s",0,"s",3,"s"
"234",292,40.41,-80.41,"C,Q","Metals",4.209474886,0,"w",0,"w",0,"w",0,"w",0,"w",0,"w",0,"w",0,"w",0,"w",0,"w",0,"w",0,"w",0,"w",0,"w",0,"w"
"235",293,40.37,-80.1,"C,Q","Metals",4.70890411,0,"w",0,"w",0,"w",0,"w",0,"w",0,"w",0,"w",0,"w",0,"w",0,"w",0,"w",0,"w",0,"w",0,"w",0,"w"
"236",294,40.63,-80.24,"C","Minerals",6.849315068,0,"w",0,"w",0,"w",0,"w",0,"w",0,"w",0,"w",0,"w",0,"w",0,"w",0,"w",0,"w",0,"w",0,"w",0,"w"
"237",295,41.06,-76.66,"C","Minerals",9.275114155,3,"s",3,"w",2,"s",1,"s",2,"s",2,"s",2,"w",3,"s",3,"s",3,"s",2,"s",2,"w",2,"s",2,"s",2,"w"
"238",296,40.34,-79.91,"C,Q","Metals",31.67808219,0,"w",0,"w",0,"w",0,"w",0,"w",0,"w",0,"w",0,"w",0,"w",0,"w",0,"w",0,"w",0,"w",0,"w",0,"w"
"239",297,40.31,-79.88,"C,Q","Metals",77.69691781,0,"w",0,"w",0,"w",0,"w",0,"w",0,"w",0,"w",0,"w",0,"w",0,"w",0,"w",0,"w",0,"w",0,"w",0,"w"
"240",298,40.39,-79.86,"C,Q","Metals",15.55365297,0,"w",0,"w",0,"w",0,"w",0,"w",0,"w",0,"w",0,"w",0,"w",0,"w",0,"w",0,"w",0,"w",0,"w",0,"w"
"241",299,40.16,-74.75,"C","Metals",4.70890411,0,"s",3,"s",0,"s",3,"e",0,"s",0,"s",3,"s",0,"s",0,"s",0,"s",0,"s",3,"s",0,"s",0,"s",3,"s"
"242",301,39.93,-79.67,"C,W-NGTC","Petroleum and Natural Gas Systems",607.3059361,0,"w",0,"w",0,"w",0,"w",0,"w",0,"w",0,"w",0,"w",0,"w",0,"w",0,"w",0,"w",0,"w",0,"w",0,"w"
"243",302,41.83,-79.12,"C,Y","Refineries",226.6695205,0,"w",0,"w",0,"w",0,"w",0,"w",0,"w",0,"w",0,"w",0,"w",0,"w",0,"w",0,"w",0,"w",0,"w",0,"w"
"244",303,40.44,-79.96,"C","Other",10.63070776,0,"w",0,"w",0,"w",0,"w",0,"w",0,"w",0,"w",0,"w",0,"w",0,"w",0,"w",0,"w",0,"w",0,"w",0,"w"
"245",306,41.67,-77.06,"C","Metals",12.77111872,3,"w",3,"w",2,"w",2,"w",2,"w",2,"w",2,"w",3,"w",3,"w",3,"w",2,"w",3,"w",2,"w",2,"w",2,"w"
"246",311,40.17,-74.77,"C","Waste",1101.098744,0,"s",3,"s",0,"s",3,"e",0,"s",0,"s",3,"s",0,"s",0,"s",0,"s",0,"s",3,"s",0,"s",0,"s",3,"s"
"247",312,41.57,-75.95,"C","Petroleum and Natural Gas Systems",7.705479452,1,"s",1,"w",1,"s",2,"e",1,"s",1,"e",1,"n",1,"s",1,"s",1,"s",1,"e",1,"w",1,"s",1,"e",1,"n"
"248",314,41.84,-79.19,"C","Power Plants",6.992009132,0,"w",0,"w",0,"w",0,"w",0,"w",0,"w",0,"w",0,"w",0,"w",0,"w",0,"w",0,"w",0,"w",0,"w",0,"w"
"249",315,41.83,-76.83,"C","Petroleum and Natural Gas Systems",6.777968037,2,"w",2,"w",2,"w",2,"n",1,"w",1,"w",2,"w",2,"w",2,"w",2,"w",2,"w",2,"w",2,"w",1,"w",2,"w"
"250",316,40.19,-80.36,"C","Petroleum and Natural Gas Systems",6.563926941,0,"w",0,"w",0,"w",0,"w",0,"w",0,"w",0,"w",0,"w",0,"w",0,"w",0,"w",0,"w",0,"w",0,"w",0,"w"
"251",317,40.62,-76.45,"C,D","Power Plants",26.39840183,3,"s",3,"s",3,"s",2,"s",3,"s",3,"s",2,"s",3,"s",3,"s",3,"s",3,"s",3,"s",3,"s",3,"s",3,"s"
"252",318,40.78,-76.18,"D","Power Plants",429.4377854,3,"s",3,"s",3,"s",2,"s",3,"s",3,"s",2,"s",3,"s",3,"s",3,"s",2,"s",2,"s",3,"s",3,"s",2,"s"
"253",319,41.78,-76.19,"C","Petroleum and Natural Gas Systems",6.421232877,1,"w",1,"w",1,"s",2,"n",1,"e",1,"e",1,"n",1,"w",1,"w",1,"w",1,"n",1,"w",1,"w",1,"e",1,"n"
"254",320,40.14,-79.9,"C,N","Minerals",2.996575342,0,"w",0,"w",0,"w",0,"w",0,"w",0,"w",0,"w",0,"w",0,"w",0,"w",0,"w",0,"w",0,"w",0,"w",0,"w"
"255",321,40.78,-79.84,"C","Petroleum and Natural Gas Systems",4.280821918,0,"w",0,"w",0,"w",0,"w",0,"w",0,"w",0,"w",0,"w",0,"w",0,"w",0,"w",0,"w",0,"w",0,"w",0,"w"
"256",322,40,-76.72,"C","Waste",881.1358447,0,"s",0,"s",0,"s",3,"s",0,"s",0,"s",3,"s",0,"s",0,"s",0,"s",3,"s",3,"s",0,"s",3,"s",3,"s"
"257",323,39.74,-76.31,"D","Power Plants",144.9771689,0,"s",0,"s",0,"s",3,"s",0,"s",0,"s",3,"s",0,"s",0,"s",0,"s",0,"s",0,"s",0,"s",0,"s",0,"s"
"258",324,39.98,-76.68,"C","Power Plants",0.856164384,0,"s",0,"s",0,"s",3,"s",0,"s",0,"s",3,"s",0,"s",0,"s",0,"s",3,"s",3,"s",0,"s",3,"s",3,"s"
"259",325,41.75,-75.75,"C","Petroleum and Natural Gas Systems",6.563926941,1,"s",1,"w",1,"e",2,"e",1,"e",1,"e",2,"n",1,"s",1,"s",1,"s",1,"e",1,"n",1,"e",1,"e",1,"n"
